Delta,Time,CPU_FREQUENCY_0,CPU_FREQUENCY_1,CPU_FREQUENCY_2,CPU_FREQUENCY_3,CPU_FREQUENCY_4,CPU_FREQUENCY_5,CPU_FREQUENCY_6,CPU_FREQUENCY_7,CPU_FREQUENCY_8,CPU_FREQUENCY_9,CPU_TEMP_0,CPU_TEMP_1,CPU_TEMP_2,CPU_TEMP_3,CPU_TEMP_4,CPU_TEMP_5,CPU_TEMP_6,CPU_USAGE_0,CPU_USAGE_1,CPU_USAGE_2,CPU_USAGE_3,CPU_USAGE_4,CPU_USAGE_5,CPU_USAGE_6,CPU_USAGE_7,CPU_USAGE_8,CPU_USAGE_9,SYSTEM_POWER (Watts),TOTAL_MEMORY,TOTAL_SWAP,USED_MEMORY,USED_SWAP
0,1790872143814,4,4,4,4,4,4,4,4,4,4,65.08545684814453,65.2651596069336,65.01773834228516,64.62655639648438,58.09501647949219,65.2501220703125,72.484375,0,0,0,0,0,0,0,0,0,0,2.217165470123291,25769803776,0,18829033472,0
204,1790872143815,4,4,4,4,4,4,4,4,4,4,65.08545684814453,65.2651596069336,65.01773834228516,64.62655639648438,58.09501647949219,65.2501220703125,72.484375,100,50,0,0,NaN,NaN,0,0,NaN,NaN,2.217165470123291,25769803776,0,18830409728,0
200,1790872144020,4,4,4,4,4,4,4,4,4,4,65.08545684814453,65.2651596069336,65.01773834228516,64.62655639648438,58.09501647949219,65.2501220703125,72.484375,4.761904716491699,0,0,0,0,0,9.523809432983398,40,0,0,2.2171738147735596,25769803776,0,18830409728,0
204,1790872144220,4,4,4,4,4,4,4,4,4,4,65.08545684814453,65.2651596069336,65.01773834228516,64.62655639648438,58.09501647949219,65.2501220703125,72.484375,0,0,4.761904716491699,0,0,0,0,5,0,0,2.2171738147735596,25769803776,0,18830409728,0
202,1790872144425,4,4,4,4,4,4,4,4,4,4,68.12786865234375,66.33980560302734,66.50767517089844,66.8960952758789,59.88873291015625,67.80889892578125,73.59375,9.090909004211426,4.761904716491699,0,0,0,0,0,5,0,0,2.2171738147735596,25769803776,0,18830409728,0
204,1790872144628,4,4,4,4,4,4,4,4,4,4,68.12786865234375,66.33980560302734,66.50767517089844,66.8960952758789,59.88873291015625,67.80889892578125,73.59375,0,0,4.761904716491699,0,0,0,4.761904716491699,9.523809432983398,0,0,2.2171738147735596,25769803776,0,18851741696,0
204,1790872144833,4,4,4,4,4,4,4,4,4,4,68.12786865234375,66.33980560302734,66.50767517089844,66.8960952758789,59.88873291015625,67.80889892578125,73.59375,4.761904716491699,0,0,0,0,0,0,0,0,0,2.2171738147735596,25769803776,0,18851741696,0
204,1790872145038,4,4,4,4,4,4,4,4,4,4,68.12786865234375,66.33980560302734,66.50767517089844,66.8960952758789,59.88873291015625,67.80889892578125,73.59375,0,9.090909004211426,0,0,0,0,0,5,0,0,2.524514675140381,25769803776,0,18851741696,0
204,1790872145243,4,4,4,4,4,4,4,4,4,4,68.12786865234375,66.33980560302734,66.50767517089844,66.8960952758789,59.88873291015625,67.80889892578125,73.59375,9.090909004211426,0,0,0,4.761904716491699,0,0,9.523809432983398,0,0,2.524514675140381,25769803776,0,18851741696,0
204,1790872145448,4,4,4,4,4,4,4,4,4,4,78.57154846191406,71.54552459716797,71.46923065185547,76.34532928466797,64.71806335449219,78.10833740234375,79.84375,0,0,0,0,0,0,0,4.761904716491699,4.761904716491699,0,2.524514675140381,25769803776,0,18851741696,0
203,1790872145653,4,4,4,4,4,4,4,4,4,4,78.57154846191406,71.54552459716797,71.46923065185547,76.34532928466797,64.71806335449219,78.10833740234375,79.84375,4.761904716491699,4.761904716491699,0,4.761904716491699,0,4.761904716491699,4.761904716491699,5,4.545454502105713,0,2.524514675140381,25769803776,0,18849841152,0
204,1790872145857,4,4,4,4,4,4,4,4,4,4,78.57154846191406,71.54552459716797,71.46923065185547,76.34532928466797,64.71806335449219,78.10833740234375,79.84375,0,5,0,0,0,0,0,5,0,0,23.022977828979492,25769803776,0,18849546240,0
202,1790872146062,4,4,4,4,4,4,4,4,4,4,78.57154846191406,71.54552459716797,71.46923065185547,76.34532928466797,64.71806335449219,78.10833740234375,79.84375,0,0,0,0,0,0,0,4.545454502105713,0,0,23.022977828979492,25769803776,0,18849988608,0
200,1790872146264,4,4,4,4,4,4,4,4,4,4,78.57154846191406,71.54552459716797,71.46923065185547,76.34532928466797,64.71806335449219,78.10833740234375,79.84375,5,4.761904716491699,0,0,0,0,0,0,0,0,23.022977828979492,25769803776,0,18849628160,0
204,1790872146465,4,4,4,4,4,4,4,4,4,4,79.98542022705078,74.03819274902344,73.70355987548828,77.97615051269531,66.79177856445313,79.82904052734375,81.734375,4.761904716491699,0,0,0,0,0,5,0,0,0,23.022977828979492,25769803776,0,18849628160,0
204,1790872146670,4,4,4,4,4,4,4,4,4,4,79.98542022705078,74.03819274902344,73.70355987548828,77.97615051269531,66.79177856445313,79.82904052734375,81.734375,5,0,0,0,0,0,0,5,4.761904716491699,0,23.022977828979492,25769803776,0,18836963328,0
204,1790872146875,4,4,4,4,4,4,4,4,4,4,79.98542022705078,74.03819274902344,73.70355987548828,77.97615051269531,66.79177856445313,79.82904052734375,81.734375,0,4.761904716491699,4.761904716491699,0,0,0,4.761904716491699,5,0,0,24.23244857788086,25769803776,0,18836963328,0
204,1790872147080,4,4,4,4,4,4,4,4,4,4,79.98542022705078,74.03819274902344,73.70355987548828,77.97615051269531,66.79177856445313,79.82904052734375,81.734375,4.761904716491699,4.761904716491699,0,0,0,0,0,9.523809432983398,0,0,24.23244857788086,25769803776,0,18836963328,0
204,1790872147285,4,4,4,4,4,4,4,4,4,4,79.98542022705078,74.03819274902344,73.70355987548828,77.97615051269531,66.79177856445313,79.82904052734375,81.734375,0,0,0,0,0,0,0,10,4.761904716491699,0,24.23244857788086,25769803776,0,18836963328,0
204,1790872147490,4,4,4,4,4,4,4,4,4,4,79.62162780761719,75.12984466552734,74.90828704833984,77.95792388916016,68.27047729492188,79.67434692382813,81.03125,4.761904716491699,0,4.761904716491699,0,0,0,0,9.523809432983398,0,0,24.23244857788086,25769803776,0,18836963328,0
204,1790872147695,4,4,4,4,4,4,4,4,4,4,79.62162780761719,75.12984466552734,74.90828704833984,77.95792388916016,68.27047729492188,79.67434692382813,81.03125,5,0,0,0,0,0,9.090909004211426,0,9.523809432983398,0,24.23244857788086,25769803776,0,18836963328,0
204,1790872147899,4,4,4,4,4,4,4,4,4,4,79.62162780761719,75.12984466552734,74.90828704833984,77.95792388916016,68.27047729492188,79.67434692382813,81.03125,5,40,0,4.761904716491699,4.761904716491699,0,5.263157844543457,4.761904716491699,0,0,21.191482543945313,25769803776,0,18837028864,0
202,1790872148104,4,4,4,4,4,4,4,4,4,4,79.62162780761719,75.12984466552734,74.90828704833984,77.95792388916016,68.27047729492188,79.67434692382813,81.03125,9.523809432983398,33.333335876464844,0,0,0,0,4.545454502105713,10,0,0,21.191482543945313,25769803776,0,18837028864,0
204,1790872148307,4,4,4,4,4,4,4,4,4,4,79.62162780761719,75.12984466552734,74.90828704833984,77.95792388916016,68.27047729492188,79.67434692382813,81.03125,0,0,4.761904716491699,0,0,0,5,5,4.761904716491699,0,21.191482543945313,25769803776,0,18837028864,0
204,1790872148512,4,4,4,4,4,4,4,4,4,4,81.13947296142578,76.38385772705078,75.8406753540039,78.95452880859375,69.1356430053711,81.01516723632813,82.203125,4.761904716491699,9.090909004211426,0,0,0,0,0,5,5,0,21.191482543945313,25769803776,0,18837028864,0
204,1790872148717,4,4,4,4,4,4,4,4,4,4,81.13947296142578,76.38385772705078,75.8406753540039,78.95452880859375,69.1356430053711,81.01516723632813,82.203125,0,0,0,0,0,0,4.761904716491699,9.523809432983398,0,0,21.191482543945313,25769803776,0,18836602880,0
204,1790872148922,4,4,4,4,4,4,4,4,4,4,81.13947296142578,76.38385772705078,75.8406753540039,78.95452880859375,69.1356430053711,81.01516723632813,82.203125,9.523809432983398,5,0,0,0,0,0,5,0,0,22.29576873779297,25769803776,0,18836488192,0
204,1790872149127,4,4,4,4,4,4,4,4,4,4,81.13947296142578,76.38385772705078,75.8406753540039,78.95452880859375,69.1356430053711,81.01516723632813,82.203125,4.761904716491699,4.761904716491699,0,0,0,0,5,9.523809432983398,4.545454502105713,0,22.29576873779297,25769803776,0,18836488192,0
202,1790872149332,4,4,4,4,4,4,4,4,4,4,80.3426284790039,76.5560531616211,76.20319366455078,78.57001495361328,69.48411560058594,80.45499420166016,82.4375,0,0,4.761904716491699,0,0,0,0,5,0,0,22.29576873779297,25769803776,0,18836520960,0
204,1790872149534,4,4,4,4,4,4,4,4,4,4,80.3426284790039,76.5560531616211,76.20319366455078,78.57001495361328,69.48411560058594,80.45499420166016,82.4375,0,0,0,4.761904716491699,0,0,9.090909004211426,4.761904716491699,0,0,22.29576873779297,25769803776,0,18836520960,0
204,1790872149739,4,4,4,4,4,4,4,4,4,4,80.3426284790039,76.5560531616211,76.20319366455078,78.57001495361328,69.48411560058594,80.45499420166016,82.4375,4.761904716491699,0,0,0,0,0,0,5,4.761904716491699,0,22.29576873779297,25769803776,0,18836242432,0
204,1790872149944,4,4,4,4,4,4,4,4,4,4,80.3426284790039,76.5560531616211,76.20319366455078,78.57001495361328,69.48411560058594,80.45499420166016,82.4375,0,0,0,0,0,0,9.523809432983398,4.761904716491699,0,0,21.546077728271484,25769803776,0,18836193280,0
204,1790872150149,4,4,4,4,4,4,4,4,4,4,80.3426284790039,76.5560531616211,76.20319366455078,78.57001495361328,69.48411560058594,80.45499420166016,82.4375,9.523809432983398,9.523809432983398,0,4.761904716491699,4.761904716491699,0,0,5,4.761904716491699,0,21.546077728271484,25769803776,0,18836242432,0
204,1790872150354,4,4,4,4,4,4,4,4,4,4,79.19751739501953,76.58831024169922,75.97296142578125,77.89598083496094,69.06026458740234,79.57332611083984,81.265625,4.761904716491699,0,9.090909004211426,0,0,0,5,4.761904716491699,0,0,21.546077728271484,25769803776,0,18836242432,0
204,1790872150559,4,4,4,4,4,4,4,4,4,4,79.19751739501953,76.58831024169922,75.97296142578125,77.89598083496094,69.06026458740234,79.57332611083984,81.265625,0,4.761904716491699,0,0,0,0,4.761904716491699,10,0,0,21.546077728271484,25769803776,0,18836242432,0
204,1790872150764,4,4,4,4,4,4,4,4,4,4,79.19751739501953,76.58831024169922,75.97296142578125,77.89598083496094,69.06026458740234,79.57332611083984,81.265625,4.761904716491699,0,0,0,0,0,0,9.523809432983398,0,0,21.546077728271484,25769803776,0,18836078592,0
200,1790872150969,4,4,4,4,4,4,4,4,4,4,79.19751739501953,76.58831024169922,75.97296142578125,77.89598083496094,69.06026458740234,79.57332611083984,81.265625,4.761904716491699,4.761904716491699,0,0,0,0,4.761904716491699,10,0,0,18.036699295043945,25769803776,0,18836111360,0
204,1790872151170,4,4,4,4,4,4,4,4,4,4,79.19751739501953,76.58831024169922,75.97296142578125,77.89598083496094,69.06026458740234,79.57332611083984,81.265625,5,4.761904716491699,0,0,0,0,0,5,0,0,18.036699295043945,25769803776,0,18836111360,0
204,1790872151375,4,4,4,4,4,4,4,4,4,4,79.18086242675781,76.45391845703125,76.35486602783203,77.93115997314453,69.70684814453125,79.52625274658203,81.265625,0,0,0,0,0,0,4.761904716491699,9.523809432983398,4.761904716491699,0,18.036699295043945,25769803776,0,18836258816,0
204,1790872151580,4,4,4,4,4,4,4,4,4,4,79.18086242675781,76.45391845703125,76.35486602783203,77.93115997314453,69.70684814453125,79.52625274658203,81.265625,5,0,0,0,0,0,0,9.523809432983398,0,0,18.036699295043945,25769803776,0,18836258816,0
204,1790872151785,4,4,4,4,4,4,4,4,4,4,79.18086242675781,76.45391845703125,76.35486602783203,77.93115997314453,69.70684814453125,79.52625274658203,81.265625,0,4.761904716491699,0,0,0,0,0,10,0,0,18.036699295043945,25769803776,0,18836307968,0
204,1790872151990,4,4,4,4,4,4,4,4,4,4,79.18086242675781,76.45391845703125,76.35486602783203,77.93115997314453,69.70684814453125,79.52625274658203,81.265625,4.761904716491699,4.545454502105713,0,0,0,0,9.090909004211426,0,0,0,17.597341537475586,25769803776,0,18836307968,0
202,1790872152195,4,4,4,4,4,4,4,4,4,4,79.18086242675781,76.45391845703125,76.35486602783203,77.93115997314453,69.70684814453125,79.52625274658203,81.265625,0,0,0,0,0,0,0,9.523809432983398,4.761904716491699,0,17.597341537475586,25769803776,0,18836307968,0
204,1790872152398,4,4,4,4,4,4,4,4,4,4,79.92577362060547,76.7242660522461,76.47901153564453,78.43107604980469,69.75263214111328,80.06616973876953,83.5,5,0,0,0,0,0,4.761904716491699,5.263157844543457,0,0,17.597341537475586,25769803776,0,18836307968,0
204,1790872152603,4,4,4,4,4,4,4,4,4,4,79.92577362060547,76.7242660522461,76.47901153564453,78.43107604980469,69.75263214111328,80.06616973876953,83.5,9.090909004211426,4.761904716491699,4.761904716491699,0,0,0,0,9.523809432983398,0,0,17.597341537475586,25769803776,0,18836078592,0
204,1790872152808,4,4,4,4,4,4,4,4,4,4,79.92577362060547,76.7242660522461,76.47901153564453,78.43107604980469,69.75263214111328,80.06616973876953,83.5,20,15.000000953674316,10,9.090909004211426,4.761904716491699,0,5.263157844543457,15.000000953674316,9.090909004211426,0,17.597341537475586,25769803776,0,18854182912,0
204,1790872153013,4,4,4,4,4,4,4,4,4,4,79.92577362060547,76.7242660522461,76.47901153564453,78.43107604980469,69.75263214111328,80.06616973876953,83.5,10,14.285715103149414,4.761904716491699,0,0,0,4.761904716491699,9.523809432983398,0,4.761904716491699,18.15394401550293,25769803776,0,18854232064,0
204,1790872153218,4,4,4,4,4,4,4,4,4,4,79.92577362060547,76.7242660522461,76.47901153564453,78.43107604980469,69.75263214111328,80.06616973876953,83.5,5,20,4.761904716491699,0,0,0,4.761904716491699,5,20,0,18.15394401550293,25769803776,0,18854232064,0
204,1790872153423,4,4,4,4,4,4,4,4,4,4,81.13249206542969,77.39139556884766,77.12871551513672,79.03683471679688,70.60963439941406,81.40703582763672,88.671875,10,4.761904716491699,0,0,0,0,9.523809432983398,4.761904716491699,14.285715103149414,0,18.15394401550293,25769803776,0,18854232064,0
204,1790872153628,4,4,4,4,4,4,4,4,4,4,81.13249206542969,77.39139556884766,77.12871551513672,79.03683471679688,70.60963439941406,81.40703582763672,88.671875,10,5,4.545454502105713,0,0,0,0,5,0,4.761904716491699,18.15394401550293,25769803776,0,18854232064,0
200,1790872153832,4,4,4,4,4,4,4,4,4,4,81.13249206542969,77.39139556884766,77.12871551513672,79.03683471679688,70.60963439941406,81.40703582763672,88.671875,9.090909004211426,4.761904716491699,0,0,0,0,9.523809432983398,9.090909004211426,0,0,18.15394401550293,25769803776,0,18854543360,0
200,1790872154033,4,4,4,4,4,4,4,4,4,4,81.13249206542969,77.39139556884766,77.12871551513672,79.03683471679688,70.60963439941406,81.40703582763672,88.671875,5,5.263157844543457,5,0,0,0,5.263157844543457,0,4.761904716491699,0,18.80048179626465,25769803776,0,18845679616,0
200,1790872154233,4,4,4,4,4,4,4,4,4,4,81.13249206542969,77.39139556884766,77.12871551513672,79.03683471679688,70.60963439941406,81.40703582763672,88.671875,0,4.761904716491699,0,0,0,0,0,10,5,0,18.80048179626465,25769803776,0,18839388160,0
200,1790872154434,4,4,4,4,4,4,4,4,4,4,80.62684631347656,77.56861114501953,76.96212005615234,78.91322326660156,70.32604217529297,80.63863372802734,86.09375,9.523809432983398,5,0,0,0,0,9.523809432983398,9.523809432983398,0,0,18.80048179626465,25769803776,0,18839535616,0
204,1790872154635,4,4,4,4,4,4,4,4,4,4,80.62684631347656,77.56861114501953,76.96212005615234,78.91322326660156,70.32604217529297,80.63863372802734,86.09375,5.263157844543457,0,9.090909004211426,9.523809432983398,0,0,0,5.263157844543457,0,0,18.80048179626465,25769803776,0,18839846912,0
204,1790872154840,4,4,4,4,4,4,4,4,4,4,80.62684631347656,77.56861114501953,76.96212005615234,78.91322326660156,70.32604217529297,80.63863372802734,86.09375,0,4.761904716491699,0,0,0,0,0,9.523809432983398,0,0,17.992660522460938,25769803776,0,18839699456,0
204,1790872155045,4,4,4,4,4,4,4,4,4,4,80.62684631347656,77.56861114501953,76.96212005615234,78.91322326660156,70.32604217529297,80.63863372802734,86.09375,5,5,0,0,0,0,4.761904716491699,5,0,0,17.992660522460938,25769803776,0,18839748608,0
204,1790872155250,4,4,4,4,4,4,4,4,4,4,80.62684631347656,77.56861114501953,76.96212005615234,78.91322326660156,70.32604217529297,80.63863372802734,86.09375,4.761904716491699,4.761904716491699,0,0,0,0,5,4.761904716491699,0,0,17.992660522460938,25769803776,0,18839748608,0
204,1790872155455,4,4,4,4,4,4,4,4,4,4,81.61845397949219,77.9721450805664,77.49114990234375,79.58074188232422,70.88506317138672,81.30302429199219,87.5,4.761904716491699,0,0,0,0,0,5,5,0,0,17.992660522460938,25769803776,0,18839748608,0
204,1790872155660,4,4,4,4,4,4,4,4,4,4,81.61845397949219,77.9721450805664,77.49114990234375,79.58074188232422,70.88506317138672,81.30302429199219,87.5,5,4.761904716491699,0,0,4.761904716491699,0,5,5,0,0,17.992660522460938,25769803776,0,18839748608,0
204,1790872155865,4,4,4,4,4,4,4,4,4,4,81.61845397949219,77.9721450805664,77.49114990234375,79.58074188232422,70.88506317138672,81.30302429199219,87.5,0,5,4.761904716491699,0,0,4.761904716491699,4.545454502105713,9.523809432983398,9.090909004211426,0,19.482404708862305,25769803776,0,18811682816,0
204,1790872156070,4,4,4,4,4,4,4,4,4,4,81.61845397949219,77.9721450805664,77.49114990234375,79.58074188232422,70.88506317138672,81.30302429199219,87.5,4.761904716491699,0,0,0,0,0,4.761904716491699,9.523809432983398,0,0,19.482404708862305,25769803776,0,18811682816,0
204,1790872156275,4,4,4,4,4,4,4,4,4,4,81.61845397949219,77.9721450805664,77.49114990234375,79.58074188232422,70.88506317138672,81.30302429199219,87.5,5,4.761904716491699,0,0,0,0,0,10,0,0,19.482404708862305,25769803776,0,18813763584,0
204,1790872156480,4,4,4,4,4,4,4,4,4,4,81.91665649414063,78.17145538330078,77.94572448730469,79.93174743652344,71.42034149169922,81.64867401123047,83.625,4.761904716491699,0,4.761904716491699,0,0,0,0,0,0,0,19.482404708862305,25769803776,0,18813763584,0
204,1790872156685,4,4,4,4,4,4,4,4,4,4,81.91665649414063,78.17145538330078,77.94572448730469,79.93174743652344,71.42034149169922,81.64867401123047,83.625,0,4.761904716491699,0,0,0,0,4.761904716491699,9.523809432983398,0,0,19.482404708862305,25769803776,0,18813763584,0
204,1790872156890,4,4,4,4,4,4,4,4,4,4,81.91665649414063,78.17145538330078,77.94572448730469,79.93174743652344,71.42034149169922,81.64867401123047,83.625,5,4.761904716491699,0,0,0,0,0,9.523809432983398,0,4.545454502105713,19.574234008789063,25769803776,0,18811912192,0
204,1790872157095,4,4,4,4,4,4,4,4,4,4,81.91665649414063,78.17145538330078,77.94572448730469,79.93174743652344,71.42034149169922,81.64867401123047,83.625,0,0,0,0,0,0,4.761904716491699,9.523809432983398,0,0,19.574234008789063,25769803776,0,18811912192,0
204,1790872157300,4,4,4,4,4,4,4,4,4,4,81.91665649414063,78.17145538330078,77.94572448730469,79.93174743652344,71.42034149169922,81.64867401123047,83.625,4.761904716491699,0,0,0,0,0,0,0,0,0,19.574234008789063,25769803776,0,18811912192,0
204,1790872157505,4,4,4,4,4,4,4,4,4,4,81.97443389892578,78.3665542602539,78.1550064086914,80.18470001220703,71.60847473144531,81.71331024169922,87.5,4.761904716491699,4.761904716491699,0,0,0,0,0,9.523809432983398,0,0,19.574234008789063,25769803776,0,18811912192,0
204,1790872157710,4,4,4,4,4,4,4,4,4,4,81.97443389892578,78.3665542602539,78.1550064086914,80.18470001220703,71.60847473144531,81.71331024169922,87.5,5,5,0,0,0,0,9.523809432983398,5,4.761904716491699,0,19.574234008789063,25769803776,0,18811912192,0
204,1790872157915,4,4,4,4,4,4,4,4,4,4,81.97443389892578,78.3665542602539,78.1550064086914,80.18470001220703,71.60847473144531,81.71331024169922,87.5,5,4.761904716491699,4.761904716491699,0,0,0,9.523809432983398,0,0,0,18.879919052124023,25769803776,0,18812076032,0
204,1790872158120,4,4,4,4,4,4,4,4,4,4,81.97443389892578,78.3665542602539,78.1550064086914,80.18470001220703,71.60847473144531,81.71331024169922,87.5,0,5,0,0,0,0,0,9.523809432983398,0,0,18.879919052124023,25769803776,0,18811944960,0
204,1790872158325,4,4,4,4,4,4,4,4,4,4,81.97443389892578,78.3665542602539,78.1550064086914,80.18470001220703,71.60847473144531,81.71331024169922,87.5,4.761904716491699,0,0,0,0,0,0,9.523809432983398,0,0,18.879919052124023,25769803776,0,18811944960,0
201,1790872158530,4,4,4,4,4,4,4,4,4,4,82.12071228027344,78.81304168701172,78.36168670654297,80.31758117675781,71.77147674560547,82.02606201171875,83.15625,4.761904716491699,0,0,0,0,0,9.090909004211426,9.523809432983398,4.761904716491699,0,18.879919052124023,25769803776,0,18811895808,0
201,1790872158731,4,4,4,4,4,4,4,4,4,4,82.12071228027344,78.81304168701172,78.36168670654297,80.31758117675781,71.77147674560547,82.02606201171875,83.15625,5,0,0,0,4.761904716491699,0,0,10,0,0,18.879919052124023,25769803776,0,18811895808,0
204,1790872158933,4,4,4,4,4,4,4,4,4,4,82.12071228027344,78.81304168701172,78.36168670654297,80.31758117675781,71.77147674560547,82.02606201171875,83.15625,5,14.285715103149414,5,9.090909004211426,0,0,9.523809432983398,5,0,0,18.96299934387207,25769803776,0,18869698560,0
204,1790872159138,4,4,4,4,4,4,4,4,4,4,82.12071228027344,78.81304168701172,78.36168670654297,80.31758117675781,71.77147674560547,82.02606201171875,83.15625,10,47.619049072265625,0,0,0,0,0,5,0,4.545454502105713,18.96299934387207,25769803776,0,18847023104,0
204,1790872159343,4,4,4,4,4,4,4,4,4,4,82.25166320800781,78.68659210205078,78.22664642333984,80.42564392089844,71.5709228515625,82.1818618774414,83.390625,20,5,4.761904716491699,0,0,0,0,9.523809432983398,4.761904716491699,0,18.96299934387207,25769803776,0,18847023104,0
204,1790872159548,4,4,4,4,4,4,4,4,4,4,82.25166320800781,78.68659210205078,78.22664642333984,80.42564392089844,71.5709228515625,82.1818618774414,83.390625,9.523809432983398,4.761904716491699,0,0,0,0,0,0,0,0,18.96299934387207,25769803776,0,18847023104,0
204,1790872159753,4,4,4,4,4,4,4,4,4,4,82.25166320800781,78.68659210205078,78.22664642333984,80.42564392089844,71.5709228515625,82.1818618774414,83.390625,14.285715103149414,0,10,0,0,0,4.761904716491699,9.523809432983398,0,0,18.96299934387207,25769803776,0,18847023104,0
204,1790872159958,4,4,4,4,4,4,4,4,4,4,82.25166320800781,78.68659210205078,78.22664642333984,80.42564392089844,71.5709228515625,82.1818618774414,83.390625,15.789472579956055,9.090909004211426,4.761904716491699,4.761904716491699,0,0,0,5,0,0,19.0048828125,25769803776,0,18846580736,0
200,1790872160163,4,4,4,4,4,4,4,4,4,4,82.25166320800781,78.68659210205078,78.22664642333984,80.42564392089844,71.5709228515625,82.1818618774414,83.390625,23.809524536132813,10,5,0,0,0,9.090909004211426,4.761904716491699,0,0,19.0048828125,25769803776,0,18846187520,0
199,1790872160363,4,4,4,4,4,4,4,4,4,4,82.16877746582031,78.18917846679688,77.5970687866211,80.38172149658203,70.73575592041016,81.95539093017578,83.625,15.000000953674316,0,4.761904716491699,0,0,0,0,5,0,0,19.0048828125,25769803776,0,18846187520,0
204,1790872160563,4,4,4,4,4,4,4,4,4,4,82.16877746582031,78.18917846679688,77.5970687866211,80.38172149658203,70.73575592041016,81.95539093017578,83.625,15.000000953674316,4.761904716491699,0,0,0,0,9.523809432983398,0,0,0,19.0048828125,25769803776,0,18833522688,0
204,1790872160768,4,4,4,4,4,4,4,4,4,4,82.16877746582031,78.18917846679688,77.5970687866211,80.38172149658203,70.73575592041016,81.95539093017578,83.625,19.047618865966797,5,0,4.761904716491699,0,0,0,9.523809432983398,4.761904716491699,0,19.0048828125,25769803776,0,18833522688,0
204,1790872160973,4,4,4,4,4,4,4,4,4,4,82.16877746582031,78.18917846679688,77.5970687866211,80.38172149658203,70.73575592041016,81.95539093017578,83.625,5.263157844543457,14.285715103149414,0,0,0,0,0,0,0,0,18.617040634155273,25769803776,0,18835308544,0
199,1790872161178,4,4,4,4,4,4,4,4,4,4,82.16877746582031,78.18917846679688,77.5970687866211,80.38172149658203,70.73575592041016,81.95539093017578,83.625,18.18181800842285,0,0,0,0,0,0,9.523809432983398,0,0,18.617040634155273,25769803776,0,18833522688,0
201,1790872161378,4,4,4,4,4,4,4,4,4,4,82.61575317382813,78.5396957397461,77.84117126464844,80.90304565429688,71.04894256591797,82.45336151123047,83.859375,10,10,0,0,0,0,0,5,0,0,18.617040634155273,25769803776,0,18833522688,0
204,1790872161580,4,4,4,4,4,4,4,4,4,4,82.61575317382813,78.5396957397461,77.84117126464844,80.90304565429688,71.04894256591797,82.45336151123047,83.859375,20,5,9.090909004211426,0,0,0,4.761904716491699,9.523809432983398,4.761904716491699,0,18.617040634155273,25769803776,0,18833522688,0
204,1790872161785,4,4,4,4,4,4,4,4,4,4,82.61575317382813,78.5396957397461,77.84117126464844,80.90304565429688,71.04894256591797,82.45336151123047,83.859375,15.000000953674316,4.761904716491699,0,0,0,0,0,5,0,0,18.617040634155273,25769803776,0,18833522688,0
204,1790872161990,4,4,4,4,4,4,4,4,4,4,82.61575317382813,78.5396957397461,77.84117126464844,80.90304565429688,71.04894256591797,82.45336151123047,83.859375,15.000000953674316,10,4.761904716491699,0,0,0,0,10,0,0,19.300607681274414,25769803776,0,18833260544,0
204,1790872162195,4,4,4,4,4,4,4,4,4,4,82.61575317382813,78.5396957397461,77.84117126464844,80.90304565429688,71.04894256591797,82.45336151123047,83.859375,23.809524536132813,10,0,5,5,4.761904716491699,0,9.523809432983398,0,0,19.300607681274414,25769803776,0,18833702912,0
204,1790872162400,4,4,4,4,4,4,4,4,4,4,82.72428131103516,78.639892578125,78.07787322998047,81.02259826660156,71.30891418457031,82.57410430908203,84.09375,15.000000953674316,4.761904716491699,9.090909004211426,0,0,0,0,5,0,0,19.300607681274414,25769803776,0,18833719296,0
203,1790872162605,4,4,4,4,4,4,4,4,4,4,82.72428131103516,78.639892578125,78.07787322998047,81.02259826660156,71.30891418457031,82.57410430908203,84.09375,15.000000953674316,9.523809432983398,0,4.761904716491699,0,0,0,4.761904716491699,0,0,19.300607681274414,25769803776,0,18835505152,0
203,1790872162809,4,4,4,4,4,4,4,4,4,4,82.72428131103516,78.639892578125,78.07787322998047,81.02259826660156,71.30891418457031,82.57410430908203,84.09375,14.285715103149414,10,0,0,0,0,4.761904716491699,5,0,0,19.300607681274414,25769803776,0,18833653760,0
201,1790872163013,4,4,4,4,4,4,4,4,4,4,82.72428131103516,78.639892578125,78.07787322998047,81.02259826660156,71.30891418457031,82.57410430908203,84.09375,20,0,4.761904716491699,0,0,0,5,0,0,0,19.150461196899414,25769803776,0,18833653760,0
204,1790872163215,4,4,4,4,4,4,4,4,4,4,82.72428131103516,78.639892578125,78.07787322998047,81.02259826660156,71.30891418457031,82.57410430908203,84.09375,23.809524536132813,9.523809432983398,4.761904716491699,0,0,0,4.761904716491699,9.523809432983398,0,0,19.150461196899414,25769803776,0,18833735680,0
204,1790872163420,4,4,4,4,4,4,4,4,4,4,82.63639831542969,78.71620178222656,78.17961883544922,80.97335815429688,71.37935638427734,82.4587631225586,84.09375,5,10,0,9.523809432983398,0,0,0,9.523809432983398,0,0,19.150461196899414,25769803776,0,18833801216,0
204,1790872163625,4,4,4,4,4,4,4,4,4,4,82.63639831542969,78.71620178222656,78.17961883544922,80.97335815429688,71.37935638427734,82.4587631225586,84.09375,15.789472579956055,0,4.761904716491699,0,0,0,0,5,0,0,19.150461196899414,25769803776,0,18833866752,0
204,1790872163830,4,4,4,4,4,4,4,4,4,4,82.63639831542969,78.71620178222656,78.17961883544922,80.97335815429688,71.37935638427734,82.4587631225586,84.09375,22.72727394104004,4.761904716491699,0,0,0,0,4.761904716491699,9.523809432983398,0,0,19.150461196899414,25769803776,0,18833932288,0
203,1790872164035,4,4,4,4,4,4,4,4,4,4,82.63639831542969,78.71620178222656,78.17961883544922,80.97335815429688,71.37935638427734,82.4587631225586,84.09375,15.789472579956055,5,0,0,0,0,0,10,0,0,18.86301040649414,25769803776,0,18833211392,0
200,1790872164239,4,4,4,4,4,4,4,4,4,4,82.63639831542969,78.71620178222656,78.17961883544922,80.97335815429688,71.37935638427734,82.4587631225586,84.09375,14.285715103149414,4.761904716491699,0,0,0,0,0,0,0,0,18.86301040649414,25769803776,0,18831704064,0
200,1790872164439,4,4,4,4,4,4,4,4,4,4,82.9352035522461,78.84686279296875,78.32574462890625,81.18569946289063,71.55016326904297,82.6973648071289,84.328125,15.789472579956055,5.263157844543457,0,5,0,0,5,0,0,0,18.86301040649414,25769803776,0,18831982592,0
203,1790872164639,4,4,4,4,4,4,4,4,4,4,82.9352035522461,78.84686279296875,78.32574462890625,81.18569946289063,71.55016326904297,82.6973648071289,84.328125,23.809524536132813,5,0,0,0,0,5,9.523809432983398,0,0,18.86301040649414,25769803776,0,18832031744,0
204,1790872164844,4,4,4,4,4,4,4,4,4,4,82.9352035522461,78.84686279296875,78.32574462890625,81.18569946289063,71.55016326904297,82.6973648071289,84.328125,15.000000953674316,5,4.761904716491699,0,0,0,4.761904716491699,5,4.761904716491699,0,18.717958450317383,25769803776,0,18832031744,0
204,1790872165048,4,4,4,4,4,4,4,4,4,4,82.9352035522461,78.84686279296875,78.32574462890625,81.18569946289063,71.55016326904297,82.6973648071289,84.328125,19.047618865966797,9.523809432983398,4.761904716491699,0,0,0,0,5,0,0,18.717958450317383,25769803776,0,18831917056,0
202,1790872165253,4,4,4,4,4,4,4,4,4,4,82.9352035522461,78.84686279296875,78.32574462890625,81.18569946289063,71.55016326904297,82.6973648071289,84.328125,14.285715103149414,10,5,0,0,0,0,9.523809432983398,0,0,18.717958450317383,25769803776,0,18831966208,0
204,1790872165455,4,4,4,4,4,4,4,4,4,4,83.42407989501953,79.14641571044922,78.59721374511719,81.69935607910156,71.84097290039063,83.13838195800781,84.5625,15.789472579956055,9.523809432983398,0,0,0,0,0,10,0,0,18.717958450317383,25769803776,0,18831966208,0
202,1790872165660,4,4,4,4,4,4,4,4,4,4,83.42407989501953,79.14641571044922,78.59721374511719,81.69935607910156,71.84097290039063,83.13838195800781,84.5625,14.285715103149414,0,0,0,4.545454502105713,0,4.761904716491699,0,0,0,18.717958450317383,25769803776,0,18831966208,0
204,1790872165863,4,4,4,4,4,4,4,4,4,4,83.42407989501953,79.14641571044922,78.59721374511719,81.69935607910156,71.84097290039063,83.13838195800781,84.5625,20,4.761904716491699,4.761904716491699,4.761904716491699,0,0,0,5,0,0,19.315683364868164,25769803776,0,18831966208,0
204,1790872166068,4,4,4,4,4,4,4,4,4,4,83.42407989501953,79.14641571044922,78.59721374511719,81.69935607910156,71.84097290039063,83.13838195800781,84.5625,19.047618865966797,0,4.761904716491699,0,0,0,0,9.523809432983398,0,0,19.315683364868164,25769803776,0,18831917056,0
204,1790872166273,4,4,4,4,4,4,4,4,4,4,83.42407989501953,79.14641571044922,78.59721374511719,81.69935607910156,71.84097290039063,83.13838195800781,84.5625,15.000000953674316,9.090909004211426,0,0,0,0,9.523809432983398,0,0,0,19.315683364868164,25769803776,0,18831917056,0
204,1790872166478,4,4,4,4,4,4,4,4,4,4,83.35742950439453,79.31603240966797,78.78311157226563,81.67941284179688,72.01980590820313,83.06852722167969,84.5625,20,10.526315689086914,0,0,0,0,0,9.523809432983398,0,0,19.315683364868164,25769803776,0,18831982592,0
204,1790872166683,4,4,4,4,4,4,4,4,4,4,83.35742950439453,79.31603240966797,78.78311157226563,81.67941284179688,72.01980590820313,83.06852722167969,84.5625,15.000000953674316,9.523809432983398,9.523809432983398,4.761904716491699,0,0,0,9.523809432983398,0,0,19.315683364868164,25769803776,0,18832195584,0
204,1790872166888,4,4,4,4,4,4,4,4,4,4,83.35742950439453,79.31603240966797,78.78311157226563,81.67941284179688,72.01980590820313,83.06852722167969,84.5625,19.047618865966797,0,0,0,0,0,0,5,0,0,19.419034957885742,25769803776,0,18832195584,0
204,1790872167093,4,4,4,4,4,4,4,4,4,4,83.35742950439453,79.31603240966797,78.78311157226563,81.67941284179688,72.01980590820313,83.06852722167969,84.5625,19.047618865966797,9.090909004211426,0,0,0,0,0,5,0,0,19.419034957885742,25769803776,0,18832130048,0
200,1790872167298,4,4,4,4,4,4,4,4,4,4,83.35742950439453,79.31603240966797,78.78311157226563,81.67941284179688,72.01980590820313,83.06852722167969,84.5625,15.000000953674316,0,4.761904716491699,0,0,0,4.545454502105713,4.761904716491699,0,0,19.419034957885742,25769803776,0,18831671296,0
204,1790872167499,4,4,4,4,4,4,4,4,4,4,83.32466125488281,79.29560852050781,78.82272338867188,81.6500015258789,72.09247589111328,83.08014678955078,84.5625,15.000000953674316,5,0,4.761904716491699,0,0,0,5,5,0,19.419034957885742,25769803776,0,18831605760,0
204,1790872167704,4,4,4,4,4,4,4,4,4,4,83.32466125488281,79.29560852050781,78.82272338867188,81.6500015258789,72.09247589111328,83.08014678955078,84.5625,14.285715103149414,5,4.761904716491699,0,0,4.545454502105713,13.636363983154297,4.761904716491699,0,0,19.419034957885742,25769803776,0,18831835136,0
202,1790872167909,4,4,4,4,4,4,4,4,4,4,83.32466125488281,79.29560852050781,78.82272338867188,81.6500015258789,72.09247589111328,83.08014678955078,84.5625,20,0,0,0,0,0,0,5,0,0,18.524089813232422,25769803776,0,18831835136,0
204,1790872168112,4,4,4,4,4,4,4,4,4,4,83.32466125488281,79.29560852050781,78.82272338867188,81.6500015258789,72.09247589111328,83.08014678955078,84.5625,20,9.523809432983398,0,0,0,0,0,9.523809432983398,0,0,18.524089813232422,25769803776,0,18831835136,0
204,1790872168317,4,4,4,4,4,4,4,4,4,4,83.32466125488281,79.29560852050781,78.82272338867188,81.6500015258789,72.09247589111328,83.08014678955078,84.5625,19.047618865966797,5,4.761904716491699,0,0,0,4.761904716491699,0,0,0,18.524089813232422,25769803776,0,18831376384,0
204,1790872168522,4,4,4,4,4,4,4,4,4,4,83.43807220458984,79.47858428955078,78.91613006591797,81.74214172363281,72.12057495117188,83.18286895751953,84.5625,15.000000953674316,4.761904716491699,0,0,0,0,0,9.523809432983398,0,0,18.524089813232422,25769803776,0,18831360000,0
204,1790872168727,4,4,4,4,4,4,4,4,4,4,83.43807220458984,79.47858428955078,78.91613006591797,81.74214172363281,72.12057495117188,83.18286895751953,84.5625,14.285715103149414,10,0,5,0,0,0,5,0,0,18.524089813232422,25769803776,0,18833408000,0
200,1790872168932,4,4,4,4,4,4,4,4,4,4,83.43807220458984,79.47858428955078,78.91613006591797,81.74214172363281,72.12057495117188,83.18286895751953,84.5625,21.052631378173828,5,9.090909004211426,5,4.761904716491699,0,0,4.761904716491699,0,0,18.64836311340332,25769803776,0,18831425536,0
201,1790872169133,4,4,4,4,4,4,4,4,4,4,83.43807220458984,79.47858428955078,78.91613006591797,81.74214172363281,72.12057495117188,83.18286895751953,84.5625,18.18181800842285,10,0,4.761904716491699,0,0,5,5,0,0,18.64836311340332,25769803776,0,18375835648,0
204,1790872169334,4,4,4,4,4,4,4,4,4,4,83.75228118896484,79.60948944091797,79.15653991699219,82.06355285644531,72.28926086425781,83.52361297607422,85.03125,15.789472579956055,4.761904716491699,0,4.761904716491699,0,0,0,5,0,0,18.64836311340332,25769803776,0,18369609728,0
204,1790872169539,4,4,4,4,4,4,4,4,4,4,83.75228118896484,79.60948944091797,79.15653991699219,82.06355285644531,72.28926086425781,83.52361297607422,85.03125,20,5,4.761904716491699,0,0,0,0,10,0,0,18.64836311340332,25769803776,0,18369593344,0
204,1790872169744,4,4,4,4,4,4,4,4,4,4,83.75228118896484,79.60948944091797,79.15653991699219,82.06355285644531,72.28926086425781,83.52361297607422,85.03125,22.72727394104004,5,4.761904716491699,0,0,0,0,9.523809432983398,0,0,18.64836311340332,25769803776,0,18369773568,0
204,1790872169949,4,4,4,4,4,4,4,4,4,4,83.75228118896484,79.60948944091797,79.15653991699219,82.06355285644531,72.28926086425781,83.52361297607422,85.03125,10.526315689086914,9.523809432983398,0,0,0,0,0,9.523809432983398,4.761904716491699,0,18.76030731201172,25769803776,0,18369773568,0
204,1790872170154,4,4,4,4,4,4,4,4,4,4,83.75228118896484,79.60948944091797,79.15653991699219,82.06355285644531,72.28926086425781,83.52361297607422,85.03125,20,5,0,0,4.761904716491699,0,0,9.523809432983398,0,0,18.76030731201172,25769803776,0,18369806336,0
204,1790872170359,4,4,4,4,4,4,4,4,4,4,83.97570037841797,79.73506164550781,79.34941101074219,82.20054626464844,72.44474792480469,83.77066040039063,85.03125,9.523809432983398,9.523809432983398,0,0,0,0,4.761904716491699,0,0,0,18.76030731201172,25769803776,0,18371657728,0
204,1790872170564,4,4,4,4,4,4,4,4,4,4,83.97570037841797,79.73506164550781,79.34941101074219,82.20054626464844,72.44474792480469,83.77066040039063,85.03125,19.047618865966797,0,4.761904716491699,0,0,0,0,4.761904716491699,0,0,18.76030731201172,25769803776,0,18369806336,0
200,1790872170769,4,4,4,4,4,4,4,4,4,4,83.97570037841797,79.73506164550781,79.34941101074219,82.20054626464844,72.44474792480469,83.77066040039063,85.03125,15.000000953674316,4.761904716491699,0,4.545454502105713,0,0,10,0,0,0,18.76030731201172,25769803776,0,18369855488,0
204,1790872170970,4,4,4,4,4,4,4,4,4,4,83.97570037841797,79.73506164550781,79.34941101074219,82.20054626464844,72.44474792480469,83.77066040039063,85.03125,19.047618865966797,15.000000953674316,4.761904716491699,0,0,0,0,10,0,0,19.19552993774414,25769803776,0,18369855488,0
200,1790872171175,4,4,4,4,4,4,4,4,4,4,83.97570037841797,79.73506164550781,79.34941101074219,82.20054626464844,72.44474792480469,83.77066040039063,85.03125,10.526315689086914,5,9.523809432983398,5,0,0,0,9.523809432983398,0,0,19.19552993774414,25769803776,0,18370019328,0
200,1790872171375,4,4,4,4,4,4,4,4,4,4,84.05870819091797,79.86006927490234,79.41051483154297,82.25978088378906,72.53340148925781,83.81369018554688,85.03125,23.809524536132813,5,0,0,0,0,0,5.263157844543457,0,0,19.19552993774414,25769803776,0,18370019328,0
204,1790872171576,4,4,4,4,4,4,4,4,4,4,84.05870819091797,79.86006927490234,79.41051483154297,82.25978088378906,72.53340148925781,83.81369018554688,85.03125,10.526315689086914,5,0,0,0,0,4.761904716491699,9.523809432983398,0,0,19.19552993774414,25769803776,0,18370019328,0
204,1790872171781,4,4,4,4,4,4,4,4,4,4,84.05870819091797,79.86006927490234,79.41051483154297,82.25978088378906,72.53340148925781,83.81369018554688,85.03125,19.047618865966797,9.523809432983398,0,0,0,0,0,5,0,0,19.19552993774414,25769803776,0,18370019328,0
201,1790872171986,4,4,4,4,4,4,4,4,4,4,84.05870819091797,79.86006927490234,79.41051483154297,82.25978088378906,72.53340148925781,83.81369018554688,85.03125,19.047618865966797,0,4.761904716491699,0,0,0,4.761904716491699,0,0,0,18.474185943603516,25769803776,0,18370019328,0
204,1790872172188,4,4,4,4,4,4,4,4,4,4,84.05870819091797,79.86006927490234,79.41051483154297,82.25978088378906,72.53340148925781,83.81369018554688,85.03125,10.526315689086914,0,4.761904716491699,0,0,0,0,9.523809432983398,4.761904716491699,0,18.474185943603516,25769803776,0,18370019328,0
204,1790872172393,4,4,4,4,4,4,4,4,4,4,84.44839477539063,80.0965576171875,79.58906555175781,82.57060241699219,72.78335571289063,84.14796447753906,85.5,14.285715103149414,9.090909004211426,0,0,0,0,4.761904716491699,10,0,0,18.474185943603516,25769803776,0,18370019328,0
200,1790872172598,4,4,4,4,4,4,4,4,4,4,84.44839477539063,80.0965576171875,79.58906555175781,82.57060241699219,72.78335571289063,84.14796447753906,85.5,20,0,4.761904716491699,0,0,0,0,5,0,0,18.474185943603516,25769803776,0,18369970176,0
204,1790872172799,4,4,4,4,4,4,4,4,4,4,84.44839477539063,80.0965576171875,79.58906555175781,82.57060241699219,72.78335571289063,84.14796447753906,85.5,23.809524536132813,9.523809432983398,5,0,4.761904716491699,0,0,9.523809432983398,0,0,18.474185943603516,25769803776,0,18370002944,0
203,1790872173004,4,4,4,4,4,4,4,4,4,4,84.44839477539063,80.0965576171875,79.58906555175781,82.57060241699219,72.78335571289063,84.14796447753906,85.5,15.789472579956055,0,0,0,0,0,4.545454502105713,5,0,0,19.282323837280273,25769803776,0,18370002944,0
204,1790872173207,4,4,4,4,4,4,4,4,4,4,84.44839477539063,80.0965576171875,79.58906555175781,82.57060241699219,72.78335571289063,84.14796447753906,85.5,19.047618865966797,5,4.761904716491699,4.761904716491699,0,0,0,4.761904716491699,0,0,19.282323837280273,25769803776,0,18370035712,0
204,1790872173412,4,4,4,4,4,4,4,4,4,4,84.25265502929688,80.09371185302734,79.5681381225586,82.45620727539063,72.74009704589844,84.0645980834961,85.5,15.000000953674316,9.523809432983398,0,4.761904716491699,0,0,4.761904716491699,0,0,0,19.282323837280273,25769803776,0,18372018176,0
204,1790872173617,4,4,4,4,4,4,4,4,4,4,84.25265502929688,80.09371185302734,79.5681381225586,82.45620727539063,72.74009704589844,84.0645980834961,85.5,14.285715103149414,0,0,0,0,0,0,9.523809432983398,0,0,19.282323837280273,25769803776,0,18372018176,0
202,1790872173821,4,4,4,4,4,4,4,4,4,4,84.25265502929688,80.09371185302734,79.5681381225586,82.45620727539063,72.74009704589844,84.0645980834961,85.5,20,4.761904716491699,0,0,0,0,0,9.523809432983398,0,0,19.282323837280273,25769803776,0,18372018176,0
204,1790872174025,4,4,4,4,4,4,4,4,4,4,84.25265502929688,80.09371185302734,79.5681381225586,82.45620727539063,72.74009704589844,84.0645980834961,85.5,19.047618865966797,5,9.090909004211426,0,0,0,4.761904716491699,5,0,0,18.815059661865234,25769803776,0,18372018176,0
204,1790872174230,4,4,4,4,4,4,4,4,4,4,84.25265502929688,80.09371185302734,79.5681381225586,82.45620727539063,72.74009704589844,84.0645980834961,85.5,10.526315689086914,5,0,0,0,0,0,5,0,0,18.815059661865234,25769803776,0,18369724416,0
204,1790872174435,4,4,4,4,4,4,4,4,4,4,84.19489288330078,80.06571197509766,79.58391571044922,82.40270233154297,72.76249694824219,83.97252655029297,85.265625,23.809524536132813,9.090909004211426,0,0,0,0,0,9.523809432983398,4.545454502105713,0,18.815059661865234,25769803776,0,18369789952,0
204,1790872174640,4,4,4,4,4,4,4,4,4,4,84.19489288330078,80.06571197509766,79.58391571044922,82.40270233154297,72.76249694824219,83.97252655029297,85.265625,15.000000953674316,0,4.761904716491699,4.761904716491699,0,0,0,5,0,0,18.815059661865234,25769803776,0,18369740800,0
204,1790872174844,4,4,4,4,4,4,4,4,4,4,84.19489288330078,80.06571197509766,79.58391571044922,82.40270233154297,72.76249694824219,83.97252655029297,85.265625,19.047618865966797,5,0,0,0,0,4.761904716491699,5.263157844543457,0,0,18.40880012512207,25769803776,0,18369740800,0
204,1790872175049,4,4,4,4,4,4,4,4,4,4,84.19489288330078,80.06571197509766,79.58391571044922,82.40270233154297,72.76249694824219,83.97252655029297,85.265625,19.047618865966797,5,0,0,0,0,0,9.090909004211426,0,0,18.40880012512207,25769803776,0,18371231744,0
204,1790872175255,4,4,4,4,4,4,4,4,4,4,84.19489288330078,80.06571197509766,79.58391571044922,82.40270233154297,72.76249694824219,83.97252655029297,85.265625,10.526315689086914,4.761904716491699,9.523809432983398,5,0,0,0,4.761904716491699,4.761904716491699,0,18.40880012512207,25769803776,0,18366251008,0
202,1790872175460,4,4,4,4,4,4,4,4,4,4,84.63285064697266,80.26142883300781,79.66178131103516,82.7834701538086,72.96647644042969,84.17668151855469,85.5,19.047618865966797,9.523809432983398,0,0,0,0,10,0,0,0,18.40880012512207,25769803776,0,18366267392,0
200,1790872175663,4,4,4,4,4,4,4,4,4,4,84.63285064697266,80.26142883300781,79.66178131103516,82.7834701538086,72.96647644042969,84.17668151855469,85.5,14.285715103149414,10,0,0,0,0,0,9.523809432983398,0,0,18.40880012512207,25769803776,0,18366267392,0
204,1790872175864,4,4,4,4,4,4,4,4,4,4,84.63285064697266,80.26142883300781,79.66178131103516,82.7834701538086,72.96647644042969,84.17668151855469,85.5,15.789472579956055,5,5,5,0,0,0,5.263157844543457,0,0,18.951637268066406,25769803776,0,18366267392,0
204,1790872176068,4,4,4,4,4,4,4,4,4,4,84.63285064697266,80.26142883300781,79.66178131103516,82.7834701538086,72.96647644042969,84.17668151855469,85.5,19.047618865966797,9.523809432983398,0,0,0,0,0,9.523809432983398,0,0,18.951637268066406,25769803776,0,18366267392,0
204,1790872176273,4,4,4,4,4,4,4,4,4,4,84.63285064697266,80.26142883300781,79.66178131103516,82.7834701538086,72.96647644042969,84.17668151855469,85.5,15.000000953674316,0,9.090909004211426,0,0,0,0,5,0,0,18.951637268066406,25769803776,0,18365939712,0
204,1790872176478,4,4,4,4,4,4,4,4,4,4,84.8962173461914,80.45337677001953,79.75367736816406,83.013671875,73.12252807617188,84.23519134521484,85.96875,19.047618865966797,5,0,4.545454502105713,0,0,4.761904716491699,9.523809432983398,0,0,18.951637268066406,25769803776,0,18365677568,0
204,1790872176683,4,4,4,4,4,4,4,4,4,4,84.8962173461914,80.45337677001953,79.75367736816406,83.013671875,73.12252807617188,84.23519134521484,85.96875,15.000000953674316,4.761904716491699,0,0,0,0,0,0,0,0,18.951637268066406,25769803776,0,18354651136,0
201,1790872176889,4,4,4,4,4,4,4,4,4,4,84.8962173461914,80.45337677001953,79.75367736816406,83.013671875,73.12252807617188,84.23519134521484,85.96875,15.000000953674316,0,4.761904716491699,0,0,0,4.761904716491699,4.761904716491699,0,0,18.95226287841797,25769803776,0,18352963584,0
204,1790872177090,4,4,4,4,4,4,4,4,4,4,84.8962173461914,80.45337677001953,79.75367736816406,83.013671875,73.12252807617188,84.23519134521484,85.96875,20,4.761904716491699,4.761904716491699,0,4.761904716491699,0,0,0,4.761904716491699,0,18.95226287841797,25769803776,0,18352881664,0
204,1790872177295,4,4,4,4,4,4,4,4,4,4,84.8962173461914,80.45337677001953,79.75367736816406,83.013671875,73.12252807617188,84.23519134521484,85.96875,13.636363983154297,4.761904716491699,0,0,0,0,4.761904716491699,13.636363983154297,0,0,18.95226287841797,25769803776,0,18352963584,0
200,1790872177500,4,4,4,4,4,4,4,4,4,4,84.52574157714844,80.44273376464844,79.76032257080078,82.72284698486328,73.11437225341797,84.13308715820313,85.734375,10.526315689086914,0,0,0,0,0,0,5,0,0,18.95226287841797,25769803776,0,18352914432,0
204,1790872177701,4,4,4,4,4,4,4,4,4,4,84.52574157714844,80.44273376464844,79.76032257080078,82.72284698486328,73.11437225341797,84.13308715820313,85.734375,23.809524536132813,9.090909004211426,0,0,0,0,0,9.523809432983398,4.761904716491699,0,18.95226287841797,25769803776,0,18352947200,0
204,1790872177906,4,4,4,4,4,4,4,4,4,4,84.52574157714844,80.44273376464844,79.76032257080078,82.72284698486328,73.11437225341797,84.13308715820313,85.734375,15.000000953674316,0,35,4.761904716491699,0,0,9.523809432983398,0,0,0,18.734912872314453,25769803776,0,18353012736,0
204,1790872178111,4,4,4,4,4,4,4,4,4,4,84.52574157714844,80.44273376464844,79.76032257080078,82.72284698486328,73.11437225341797,84.13308715820313,85.734375,20,0,33.333335876464844,0,0,0,0,5,0,0,18.734912872314453,25769803776,0,18353012736,0
204,1790872178316,4,4,4,4,4,4,4,4,4,4,84.52574157714844,80.44273376464844,79.76032257080078,82.72284698486328,73.11437225341797,84.13308715820313,85.734375,10,9.090909004211426,0,0,0,0,4.761904716491699,0,0,0,18.734912872314453,25769803776,0,18354307072,0
204,1790872178521,4,4,4,4,4,4,4,4,4,4,84.02456665039063,80.19474029541016,79.59471893310547,82.28705596923828,72.84695434570313,83.84892272949219,85.265625,13.636363983154297,10,0,0,0,0,0,9.523809432983398,0,0,18.734912872314453,25769803776,0,18352472064,0
202,1790872178726,4,4,4,4,4,4,4,4,4,4,84.02456665039063,80.19474029541016,79.59471893310547,82.28705596923828,72.84695434570313,83.84892272949219,85.265625,10.526315689086914,0,0,0,0,0,4.761904716491699,5,0,0,18.734912872314453,25769803776,0,18352488448,0
203,1790872178929,4,4,4,4,4,4,4,4,4,4,84.02456665039063,80.19474029541016,79.59471893310547,82.28705596923828,72.84695434570313,83.84892272949219,85.265625,19.047618865966797,9.090909004211426,4.761904716491699,4.761904716491699,0,0,0,9.523809432983398,0,0,17.3919620513916,25769803776,0,18352553984,0
203,1790872179133,4,4,4,4,4,4,4,4,4,4,84.02456665039063,80.19474029541016,79.59471893310547,82.28705596923828,72.84695434570313,83.84892272949219,85.265625,20,0,0,0,0,0,0,5,0,0,17.3919620513916,25769803776,0,18352553984,0
204,1790872179336,4,4,4,4,4,4,4,4,4,4,84.53536987304688,80.29774475097656,79.69953918457031,82.73696899414063,73.03744506835938,84.15359497070313,85.734375,19.047618865966797,0,0,0,0,0,0,5,0,0,17.3919620513916,25769803776,0,18352553984,0
204,1790872179541,4,4,4,4,4,4,4,4,4,4,84.53536987304688,80.29774475097656,79.69953918457031,82.73696899414063,73.03744506835938,84.15359497070313,85.734375,15.000000953674316,9.523809432983398,9.523809432983398,0,0,0,4.761904716491699,9.523809432983398,0,0,17.3919620513916,25769803776,0,18352570368,0
204,1790872179746,4,4,4,4,4,4,4,4,4,4,84.53536987304688,80.29774475097656,79.69953918457031,82.73696899414063,73.03744506835938,84.15359497070313,85.734375,23.809524536132813,5,4.761904716491699,0,0,0,0,5,0,0,17.3919620513916,25769803776,0,18352685056,0
204,1790872179951,4,4,4,4,4,4,4,4,4,4,84.53536987304688,80.29774475097656,79.69953918457031,82.73696899414063,73.03744506835938,84.15359497070313,85.734375,10,4.761904716491699,0,0,0,0,4.761904716491699,0,0,0,18.208515167236328,25769803776,0,18352685056,0
204,1790872180157,4,4,4,4,4,4,4,4,4,4,84.53536987304688,80.29774475097656,79.69953918457031,82.73696899414063,73.03744506835938,84.15359497070313,85.734375,15.000000953674316,0,0,4.545454502105713,4.761904716491699,0,0,9.523809432983398,0,0,18.208515167236328,25769803776,0,18352685056,0
204,1790872180361,4,4,4,4,4,4,4,4,4,4,84.95777130126953,80.54155731201172,79.91134643554688,83.10675811767578,73.21048736572266,84.34542846679688,85.96875,19.047618865966797,4.761904716491699,9.523809432983398,0,0,0,0,9.523809432983398,0,0,18.208515167236328,25769803776,0,18352537600,0
200,1790872180566,4,4,4,4,4,4,4,4,4,4,84.95777130126953,80.54155731201172,79.91134643554688,83.10675811767578,73.21048736572266,84.34542846679688,85.96875,15.000000953674316,5,0,4.761904716491699,0,0,0,5,0,0,18.208515167236328,25769803776,0,18352537600,0
203,1790872180767,4,4,4,4,4,4,4,4,4,4,84.95777130126953,80.54155731201172,79.91134643554688,83.10675811767578,73.21048736572266,84.34542846679688,85.96875,19.047618865966797,5,0,0,0,0,5,9.523809432983398,4.761904716491699,0,18.208515167236328,25769803776,0,18352537600,0
204,1790872180971,4,4,4,4,4,4,4,4,4,4,84.95777130126953,80.54155731201172,79.91134643554688,83.10675811767578,73.21048736572266,84.34542846679688,85.96875,21.052631378173828,9.523809432983398,0,0,0,0,0,5,0,0,18.91887855529785,25769803776,0,18352537600,0
204,1790872181175,4,4,4,4,4,4,4,4,4,4,84.95777130126953,80.54155731201172,79.91134643554688,83.10675811767578,73.21048736572266,84.34542846679688,85.96875,14.285715103149414,0,4.761904716491699,0,0,0,0,10,0,0,18.91887855529785,25769803776,0,18352537600,0
204,1790872181380,4,4,4,4,4,4,4,4,4,4,84.78706359863281,80.5484619140625,79.98943328857422,82.98065948486328,73.23793029785156,84.24937438964844,85.96875,15.000000953674316,5,0,0,0,0,0,4.761904716491699,0,0,18.91887855529785,25769803776,0,18354274304,0
204,1790872181586,4,4,4,4,4,4,4,4,4,4,84.78706359863281,80.5484619140625,79.98943328857422,82.98065948486328,73.23793029785156,84.24937438964844,85.96875,14.285715103149414,0,4.761904716491699,0,0,0,0,5,0,0,18.91887855529785,25769803776,0,18352373760,0
200,1790872181791,4,4,4,4,4,4,4,4,4,4,84.78706359863281,80.5484619140625,79.98943328857422,82.98065948486328,73.23793029785156,84.24937438964844,85.96875,15.000000953674316,4.761904716491699,4.761904716491699,0,0,0,5,4.761904716491699,0,0,18.91887855529785,25769803776,0,18352373760,0
204,1790872181991,4,4,4,4,4,4,4,4,4,4,84.78706359863281,80.5484619140625,79.98943328857422,82.98065948486328,73.23793029785156,84.24937438964844,85.96875,15.000000953674316,5,0,0,0,0,0,5,0,0,18.726436614990234,25769803776,0,18352373760,0
204,1790872182196,4,4,4,4,4,4,4,4,4,4,84.78706359863281,80.5484619140625,79.98943328857422,82.98065948486328,73.23793029785156,84.24937438964844,85.96875,19.047618865966797,9.523809432983398,0,0,0,0,0,10,0,0,18.726436614990234,25769803776,0,18352373760,0
200,1790872182401,4,4,4,4,4,4,4,4,4,4,84.26461029052734,80.4415054321289,79.74769592285156,82.55398559570313,73.10195922851563,84.08316040039063,85.5,19.047618865966797,0,5,0,0,0,0,9.523809432983398,0,0,18.726436614990234,25769803776,0,18352340992,0
204,1790872182601,4,4,4,4,4,4,4,4,4,4,84.26461029052734,80.4415054321289,79.74769592285156,82.55398559570313,73.10195922851563,84.08316040039063,85.5,15.789472579956055,5,0,0,0,0,0,5.263157844543457,0,0,18.726436614990234,25769803776,0,18352193536,0
204,1790872182806,4,4,4,4,4,4,4,4,4,4,84.26461029052734,80.4415054321289,79.74769592285156,82.55398559570313,73.10195922851563,84.08316040039063,85.5,20,0,0,0,0,0,0,5,0,0,18.726436614990234,25769803776,0,18352488448,0
204,1790872183011,4,4,4,4,4,4,4,4,4,4,84.26461029052734,80.4415054321289,79.74769592285156,82.55398559570313,73.10195922851563,84.08316040039063,85.5,14.285715103149414,9.523809432983398,9.090909004211426,8.69565200805664,0,0,4.761904716491699,0,0,0,17.40788459777832,25769803776,0,18353848320,0
203,1790872183216,4,4,4,4,4,4,4,4,4,4,84.26461029052734,80.4415054321289,79.74769592285156,82.55398559570313,73.10195922851563,84.08316040039063,85.5,15.000000953674316,4.761904716491699,0,0,0,0,0,9.523809432983398,0,0,17.40788459777832,25769803776,0,18353848320,0
204,1790872183420,4,4,4,4,4,4,4,4,4,4,84.5075454711914,80.43163299560547,79.77569580078125,82.71880340576172,73.13223266601563,84.1369400024414,85.734375,19.047618865966797,0,0,0,0,4.761904716491699,4.761904716491699,5,0,0,17.40788459777832,25769803776,0,18352717824,0
199,1790872183625,4,4,4,4,4,4,4,4,4,4,84.5075454711914,80.43163299560547,79.77569580078125,82.71880340576172,73.13223266601563,84.1369400024414,85.734375,10,4.761904716491699,4.761904716491699,0,0,0,0,14.285715103149414,0,0,17.40788459777832,25769803776,0,18352783360,0
201,1790872183825,4,4,4,4,4,4,4,4,4,4,84.5075454711914,80.43163299560547,79.77569580078125,82.71880340576172,73.13223266601563,84.1369400024414,85.734375,10,10,0,0,0,0,0,5,0,0,17.40788459777832,25769803776,0,18352783360,0
204,1790872184027,4,4,4,4,4,4,4,4,4,4,84.5075454711914,80.43163299560547,79.77569580078125,82.71880340576172,73.13223266601563,84.1369400024414,85.734375,15.000000953674316,5,0,0,0,0,5,0,0,0,17.701021194458008,25769803776,0,18352799744,0
204,1790872184232,4,4,4,4,4,4,4,4,4,4,84.5075454711914,80.43163299560547,79.77569580078125,82.71880340576172,73.13223266601563,84.1369400024414,85.734375,25,4.761904716491699,9.523809432983398,0,4.761904716491699,4.545454502105713,4.761904716491699,9.523809432983398,0,0,17.701021194458008,25769803776,0,18352799744,0
204,1790872184437,4,4,4,4,4,4,4,4,4,4,85.02460479736328,80.64298248291016,80.063232421875,83.18438720703125,73.27824401855469,84.4186782836914,85.96875,19.047618865966797,5,0,0,0,0,0,5,0,0,17.701021194458008,25769803776,0,18355191808,0
201,1790872184642,4,4,4,4,4,4,4,4,4,4,85.02460479736328,80.64298248291016,80.063232421875,83.18438720703125,73.27824401855469,84.4186782836914,85.96875,9.523809432983398,0,0,0,0,0,0,4.761904716491699,0,0,17.701021194458008,25769803776,0,18352996352,0
204,1790872184844,4,4,4,4,4,4,4,4,4,4,85.02460479736328,80.64298248291016,80.063232421875,83.18438720703125,73.27824401855469,84.4186782836914,85.96875,15.000000953674316,9.090909004211426,0,0,0,0,0,10,0,0,19.054027557373047,25769803776,0,18352979968,0
203,1790872185049,4,4,4,4,4,4,4,4,4,4,85.02460479736328,80.64298248291016,80.063232421875,83.18438720703125,73.27824401855469,84.4186782836914,85.96875,14.285715103149414,10,0,4.761904716491699,4.545454502105713,0,0,5,0,0,19.054027557373047,25769803776,0,18353012736,0
200,1790872185253,4,4,4,4,4,4,4,4,4,4,85.02460479736328,80.64298248291016,80.063232421875,83.18438720703125,73.27824401855469,84.4186782836914,85.96875,15.789472579956055,0,4.761904716491699,4.545454502105713,0,0,0,9.523809432983398,4.761904716491699,0,19.054027557373047,25769803776,0,18353012736,0
201,1790872185453,4,4,4,4,4,4,4,4,4,4,84.89476776123047,80.61971282958984,80.1075439453125,83.09668731689453,73.32398223876953,84.2625732421875,85.96875,20,4.761904716491699,0,0,0,0,4.761904716491699,0,5,0,19.054027557373047,25769803776,0,18346721280,0
204,1790872185655,4,4,4,4,4,4,4,4,4,4,84.89476776123047,80.61971282958984,80.1075439453125,83.09668731689453,73.32398223876953,84.2625732421875,85.96875,15.000000953674316,0,4.761904716491699,0,0,0,5,5,0,0,19.054027557373047,25769803776,0,18346835968,0
204,1790872185860,4,4,4,4,4,4,4,4,4,4,84.89476776123047,80.61971282958984,80.1075439453125,83.09668731689453,73.32398223876953,84.2625732421875,85.96875,19.047618865966797,4.761904716491699,0,0,0,0,5,0,0,0,18.251352310180664,25769803776,0,18346835968,0
204,1790872186065,4,4,4,4,4,4,4,4,4,4,84.89476776123047,80.61971282958984,80.1075439453125,83.09668731689453,73.32398223876953,84.2625732421875,85.96875,14.285715103149414,4.761904716491699,4.761904716491699,4.761904716491699,0,0,4.761904716491699,0,0,0,18.251352310180664,25769803776,0,18346835968,0
203,1790872186270,4,4,4,4,4,4,4,4,4,4,84.89476776123047,80.61971282958984,80.1075439453125,83.09668731689453,73.32398223876953,84.2625732421875,85.96875,15.000000953674316,0,0,0,0,0,0,5,0,0,18.251352310180664,25769803776,0,18346835968,0
204,1790872186474,4,4,4,4,4,4,4,4,4,4,84.61634826660156,80.61153411865234,79.95465087890625,82.87649536132813,73.15994262695313,84.22947692871094,85.96875,15.000000953674316,5.263157844543457,0,0,0,0,0,9.523809432983398,0,0,18.251352310180664,25769803776,0,18346885120,0
200,1790872186679,4,4,4,4,4,4,4,4,4,4,84.61634826660156,80.61153411865234,79.95465087890625,82.87649536132813,73.15994262695313,84.22947692871094,85.96875,23.809524536132813,9.090909004211426,4.761904716491699,0,0,0,9.090909004211426,0,0,0,18.251352310180664,25769803776,0,18346901504,0
204,1790872186880,4,4,4,4,4,4,4,4,4,4,84.61634826660156,80.61153411865234,79.95465087890625,82.87649536132813,73.15994262695313,84.22947692871094,85.96875,15.789472579956055,0,0,0,0,0,0,10,0,0,17.94529151916504,25769803776,0,18346901504,0
204,1790872187084,4,4,4,4,4,4,4,4,4,4,84.61634826660156,80.61153411865234,79.95465087890625,82.87649536132813,73.15994262695313,84.22947692871094,85.96875,19.047618865966797,9.090909004211426,4.761904716491699,4.761904716491699,0,0,0,9.090909004211426,0,0,17.94529151916504,25769803776,0,18322997248,0
204,1790872187289,4,4,4,4,4,4,4,4,4,4,84.61634826660156,80.61153411865234,79.95465087890625,82.87649536132813,73.15994262695313,84.22947692871094,85.96875,20,5,0,0,0,0,0,5,0,0,17.94529151916504,25769803776,0,18323013632,0
204,1790872187494,4,4,4,4,4,4,4,4,4,4,84.57929992675781,80.54925537109375,79.92552185058594,82.85855102539063,73.16049194335938,84.16976928710938,85.734375,15.000000953674316,0,9.090909004211426,0,0,0,0,5,4.761904716491699,0,17.94529151916504,25769803776,0,18324930560,0
204,1790872187699,4,4,4,4,4,4,4,4,4,4,84.57929992675781,80.54925537109375,79.92552185058594,82.85855102539063,73.16049194335938,84.16976928710938,85.734375,14.285715103149414,0,0,0,0,0,4.761904716491699,4.761904716491699,0,0,17.94529151916504,25769803776,0,18323013632,0
202,1790872187905,4,4,4,4,4,4,4,4,4,4,84.57929992675781,80.54925537109375,79.92552185058594,82.85855102539063,73.16049194335938,84.16976928710938,85.734375,14.285715103149414,4.761904716491699,4.761904716491699,0,0,0,0,9.523809432983398,0,0,17.851285934448242,25769803776,0,18323013632,0
204,1790872188107,4,4,4,4,4,4,4,4,4,4,84.57929992675781,80.54925537109375,79.92552185058594,82.85855102539063,73.16049194335938,84.16976928710938,85.734375,55,10,0,4.761904716491699,4.761904716491699,0,0,0,0,0,17.851285934448242,25769803776,0,18323226624,0
204,1790872188312,4,4,4,4,4,4,4,4,4,4,84.57929992675781,80.54925537109375,79.92552185058594,82.85855102539063,73.16049194335938,84.16976928710938,85.734375,15.000000953674316,9.090909004211426,0,0,0,0,0,9.090909004211426,0,0,17.851285934448242,25769803776,0,18323226624,0
200,1790872188517,4,4,4,4,4,4,4,4,4,4,84.53803253173828,80.5372543334961,79.94329833984375,82.78530883789063,73.20789337158203,84.16120910644531,85.734375,15.000000953674316,0,4.761904716491699,0,0,0,4.761904716491699,5,4.761904716491699,0,17.851285934448242,25769803776,0,18323210240,0
204,1790872188717,4,4,4,4,4,4,4,4,4,4,84.53803253173828,80.5372543334961,79.94329833984375,82.78530883789063,73.20789337158203,84.16120910644531,85.734375,15.000000953674316,10,4.761904716491699,4.761904716491699,0,0,4.761904716491699,10,0,0,17.851285934448242,25769803776,0,18322866176,0
204,1790872188922,4,4,4,4,4,4,4,4,4,4,84.53803253173828,80.5372543334961,79.94329833984375,82.78530883789063,73.20789337158203,84.16120910644531,85.734375,14.285715103149414,0,0,0,0,0,0,5,0,0,17.84320640563965,25769803776,0,18322866176,0
204,1790872189127,4,4,4,4,4,4,4,4,4,4,84.53803253173828,80.5372543334961,79.94329833984375,82.78530883789063,73.20789337158203,84.16120910644531,85.734375,15.000000953674316,13.636363983154297,0,0,4.545454502105713,0,0,9.090909004211426,0,0,17.84320640563965,25769803776,0,18322866176,0
203,1790872189333,4,4,4,4,4,4,4,4,4,4,84.5241928100586,80.56314086914063,79.9835205078125,82.79090881347656,73.23681640625,84.17223358154297,85.96875,10,5,4.761904716491699,0,0,0,4.761904716491699,0,0,0,17.84320640563965,25769803776,0,18322866176,0
204,1790872189536,4,4,4,4,4,4,4,4,4,4,84.5241928100586,80.56314086914063,79.9835205078125,82.79090881347656,73.23681640625,84.17223358154297,85.96875,19.047618865966797,5,0,0,0,0,0,9.523809432983398,0,0,17.84320640563965,25769803776,0,18322882560,0
202,1790872189741,4,4,4,4,4,4,4,4,4,4,84.5241928100586,80.56314086914063,79.9835205078125,82.79090881347656,73.23681640625,84.17223358154297,85.96875,19.047618865966797,4.761904716491699,4.761904716491699,0,0,0,0,5,0,0,17.84320640563965,25769803776,0,18322882560,0
204,1790872189944,4,4,4,4,4,4,4,4,4,4,84.5241928100586,80.56314086914063,79.9835205078125,82.79090881347656,73.23681640625,84.17223358154297,85.96875,15.000000953674316,0,0,0,0,0,0,9.523809432983398,0,0,18.01693344116211,25769803776,0,18322882560,0
204,1790872190149,4,4,4,4,4,4,4,4,4,4,84.5241928100586,80.56314086914063,79.9835205078125,82.79090881347656,73.23681640625,84.17223358154297,85.96875,20,9.523809432983398,4.761904716491699,0,0,0,0,5,0,0,18.01693344116211,25769803776,0,18322800640,0
204,1790872190354,4,4,4,4,4,4,4,4,4,4,84.91069793701172,80.58268737792969,80.05877685546875,83.099853515625,73.29801940917969,84.3179702758789,85.96875,15.000000953674316,9.523809432983398,0,4.761904716491699,4.761904716491699,0,0,9.523809432983398,0,0,18.01693344116211,25769803776,0,18322800640,0
204,1790872190559,4,4,4,4,4,4,4,4,4,4,84.91069793701172,80.58268737792969,80.05877685546875,83.099853515625,73.29801940917969,84.3179702758789,85.96875,23.809524536132813,5,9.090909004211426,0,0,0,0,9.523809432983398,0,0,18.01693344116211,25769803776,0,18322898944,0
203,1790872190764,4,4,4,4,4,4,4,4,4,4,84.91069793701172,80.58268737792969,80.05877685546875,83.099853515625,73.29801940917969,84.3179702758789,85.96875,15.000000953674316,5,0,0,0,0,4.761904716491699,0,0,0,18.01693344116211,25769803776,0,18324799488,0
204,1790872190968,4,4,4,4,4,4,4,4,4,4,84.91069793701172,80.58268737792969,80.05877685546875,83.099853515625,73.29801940917969,84.3179702758789,85.96875,10,9.523809432983398,4.761904716491699,0,0,0,0,9.523809432983398,0,0,18.20071792602539,25769803776,0,18322817024,0
204,1790872191173,4,4,4,4,4,4,4,4,4,4,84.91069793701172,80.58268737792969,80.05877685546875,83.099853515625,73.29801940917969,84.3179702758789,85.96875,23.809524536132813,5,4.761904716491699,0,0,0,0,5,0,0,18.20071792602539,25769803776,0,18322849792,0
200,1790872191378,4,4,4,4,4,4,4,4,4,4,84.5420150756836,80.60614776611328,80.06522369384766,82.84624481201172,73.27936553955078,84.1694107055664,85.96875,19.047618865966797,4.761904716491699,0,0,0,0,0,5,0,0,18.20071792602539,25769803776,0,18322849792,0
204,1790872191579,4,4,4,4,4,4,4,4,4,4,84.5420150756836,80.60614776611328,80.06522369384766,82.84624481201172,73.27936553955078,84.1694107055664,85.96875,15.789472579956055,0,0,0,0,0,0,5,5,0,18.20071792602539,25769803776,0,18322849792,0
204,1790872191784,4,4,4,4,4,4,4,4,4,4,84.5420150756836,80.60614776611328,80.06522369384766,82.84624481201172,73.27936553955078,84.1694107055664,85.96875,22.72727394104004,14.285715103149414,5,0,0,0,4.761904716491699,5,0,0,18.20071792602539,25769803776,0,18322882560,0
204,1790872191989,4,4,4,4,4,4,4,4,4,4,84.5420150756836,80.60614776611328,80.06522369384766,82.84624481201172,73.27936553955078,84.1694107055664,85.96875,10,5,0,4.761904716491699,0,0,0,9.523809432983398,0,0,18.140792846679688,25769803776,0,18322931712,0
204,1790872192194,4,4,4,4,4,4,4,4,4,4,84.5420150756836,80.60614776611328,80.06522369384766,82.84624481201172,73.27936553955078,84.1694107055664,85.96875,20,14.285715103149414,9.523809432983398,4.761904716491699,0,4.545454502105713,0,5,0,0,18.140792846679688,25769803776,0,18322522112,0
202,1790872192399,4,4,4,4,4,4,4,4,4,4,84.37726593017578,80.53604125976563,79.90070343017578,82.71077728271484,73.16963195800781,84.15991973876953,85.5,10,5,0,0,0,0,9.090909004211426,4.545454502105713,0,0,18.140792846679688,25769803776,0,18322522112,0
204,1790872192602,4,4,4,4,4,4,4,4,4,4,84.37726593017578,80.53604125976563,79.90070343017578,82.71077728271484,73.16963195800781,84.15991973876953,85.5,15.000000953674316,19.047618865966797,9.090909004211426,0,0,0,0,5,0,0,18.140792846679688,25769803776,0,18322472960,0
204,1790872192807,4,4,4,4,4,4,4,4,4,4,84.37726593017578,80.53604125976563,79.90070343017578,82.71077728271484,73.16963195800781,84.15991973876953,85.5,14.285715103149414,5,0,0,0,0,0,9.523809432983398,0,0,18.140792846679688,25769803776,0,18322472960,0
199,1790872193012,4,4,4,4,4,4,4,4,4,4,84.37726593017578,80.53604125976563,79.90070343017578,82.71077728271484,73.16963195800781,84.15991973876953,85.5,19.047618865966797,9.523809432983398,0,4.545454502105713,0,0,0,5,0,0,17.464805603027344,25769803776,0,18322472960,0
203,1790872193212,4,4,4,4,4,4,4,4,4,4,84.37726593017578,80.53604125976563,79.90070343017578,82.71077728271484,73.16963195800781,84.15991973876953,85.5,21.052631378173828,0,5,0,0,0,0,10,0,0,17.464805603027344,25769803776,0,18322522112,0
204,1790872193415,4,4,4,4,4,4,4,4,4,4,84.28009033203125,80.47948455810547,79.80912017822266,82.62101745605469,73.13314056396484,84.11909484863281,85.5,20,4.761904716491699,0,0,0,0,0,0,0,0,17.464805603027344,25769803776,0,18322571264,0
204,1790872193620,4,4,4,4,4,4,4,4,4,4,84.28009033203125,80.47948455810547,79.80912017822266,82.62101745605469,73.13314056396484,84.11909484863281,85.5,19.047618865966797,5,0,0,0,0,4.761904716491699,4.761904716491699,0,0,17.464805603027344,25769803776,0,18322604032,0
204,1790872193825,4,4,4,4,4,4,4,4,4,4,84.28009033203125,80.47948455810547,79.80912017822266,82.62101745605469,73.13314056396484,84.11909484863281,85.5,15.000000953674316,0,4.761904716491699,0,0,0,0,0,0,4.761904716491699,17.464805603027344,25769803776,0,18324471808,0
202,1790872194030,4,4,4,4,4,4,4,4,4,4,84.28009033203125,80.47948455810547,79.80912017822266,82.62101745605469,73.13314056396484,84.11909484863281,85.5,10,4.761904716491699,0,0,0,0,4.761904716491699,9.523809432983398,4.761904716491699,4.545454502105713,17.540569305419922,25769803776,0,18322636800,0
200,1790872194233,4,4,4,4,4,4,4,4,4,4,84.28009033203125,80.47948455810547,79.80912017822266,82.62101745605469,73.13314056396484,84.11909484863281,85.5,19.047618865966797,5,5,4.761904716491699,4.761904716491699,0,0,5,0,0,17.540569305419922,25769803776,0,18322636800,0
204,1790872194434,4,4,4,4,4,4,4,4,4,4,84.23253631591797,80.49159240722656,79.82089233398438,82.55960845947266,73.14720153808594,84.06839752197266,85.5,15.000000953674316,10,0,0,0,0,0,9.523809432983398,0,0,17.540569305419922,25769803776,0,18322636800,0
204,1790872194639,4,4,4,4,4,4,4,4,4,4,84.23253631591797,80.49159240722656,79.82089233398438,82.55960845947266,73.14720153808594,84.06839752197266,85.5,20,4.761904716491699,4.761904716491699,0,0,0,0,5,0,0,17.540569305419922,25769803776,0,18322669568,0
204,1790872194844,4,4,4,4,4,4,4,4,4,4,84.23253631591797,80.49159240722656,79.82089233398438,82.55960845947266,73.14720153808594,84.06839752197266,85.5,14.285715103149414,5,0,0,0,0,0,10,0,0,17.495359420776367,25769803776,0,18322620416,0
10,1790872195049,4,4,4,4,4,4,4,4,4,4,84.23253631591797,80.49159240722656,79.82089233398438,82.55960845947266,73.14720153808594,84.06839752197266,85.5,10,10,0,4.761904716491699,0,0,4.545454502105713,14.285715103149414,0,0,17.495359420776367,25769803776,0,18302730240,0
